{"cameraMode":{"drawMode":0,"name":"Shaded","section":"Shading Mode"},"sceneLighting":false,"audioPlay":false,"sceneViewState":{"showFog":true,"showMaterialUpdate":false,"showSkybox":false,"showFlares":true,"showImageEffects":true,"showParticleSystems":true},"in2DMode":false,"pivot":{"x":1.5185192823410035,"y":5.433555603027344,"z":-8.659384727478028},"rotation":{"x":0.038313210010528567,"y":0.874171257019043,"z":-0.06991583108901978,"w":0.4790394604206085},"size":2.6231777667999269,"orthographic":false}