{"cameraMode":{"drawMode":0,"name":"Shaded","section":"Shading Mode"},"sceneLighting":false,"audioPlay":false,"sceneViewState":{"showFog":true,"showMaterialUpdate":false,"showSkybox":false,"showFlares":true,"showImageEffects":true,"showParticleSystems":true},"in2DMode":false,"pivot":{"x":-378.57550048828127,"y":71.18399047851563,"z":8.789684295654297},"rotation":{"x":-0.006979301106184721,"y":0.9929006099700928,"z":-0.09141477197408676,"w":-0.0758049413561821},"size":2.041961431503296,"orthographic":false}