{"cameraMode":{"drawMode":0,"name":"Shaded","section":"Shading Mode"},"sceneLighting":true,"audioPlay":false,"sceneViewState":{"showFog":true,"showMaterialUpdate":false,"showSkybox":true,"showFlares":true,"showImageEffects":true,"showParticleSystems":true},"in2DMode":false,"pivot":{"x":0.7162987589836121,"y":8.1220064163208,"z":-8.497368812561036},"rotation":{"x":-0.022042175754904748,"y":0.9773937463760376,"z":-0.13007457554340363,"w":-0.16545560956001283},"size":10.0,"orthographic":false}