{"cameraMode":{"drawMode":0,"name":"Shaded","section":"Shading Mode"},"sceneLighting":false,"audioPlay":false,"sceneViewState":{"showFog":true,"showMaterialUpdate":false,"showSkybox":false,"showFlares":true,"showImageEffects":true,"showParticleSystems":true},"in2DMode":false,"pivot":{"x":-0.5400757789611816,"y":5.50190544128418,"z":-5.918176174163818},"rotation":{"x":0.05573657900094986,"y":0.9293126463890076,"z":-0.1564205139875412,"w":0.33015209436416628},"size":1.9158260822296143,"orthographic":false}