{"cameraMode":{"drawMode":0,"name":"Shaded","section":"Shading Mode"},"sceneLighting":true,"audioPlay":false,"sceneViewState":{"showFog":true,"showMaterialUpdate":false,"showSkybox":true,"showFlares":true,"showImageEffects":true,"showParticleSystems":true},"in2DMode":false,"pivot":{"x":-393.9060363769531,"y":74.8843002319336,"z":16.622541427612306},"rotation":{"x":0.044091157615184787,"y":0.8671731352806091,"z":-0.07869546115398407,"w":0.49014779925346377},"size":1.9158321619033814,"orthographic":false}