{"cameraMode":{"drawMode":0,"name":"Shaded","section":"Shading Mode"},"sceneLighting":false,"audioPlay":false,"sceneViewState":{"showFog":true,"showMaterialUpdate":false,"showSkybox":false,"showFlares":true,"showImageEffects":true,"showParticleSystems":true},"in2DMode":false,"pivot":{"x":0.23914074897766114,"y":-0.01705789566040039,"z":0.28406476974487307},"rotation":{"x":-0.14332206547260285,"y":0.4233229458332062,"z":-0.06801090389490128,"w":-0.8920080065727234},"size":1.8761661052703858,"orthographic":false}